"id","title","decr","cat","type","link"
4,Overwatch Timeline,Timeline showing the events in the Overwatch lore.,overwatch,Abandoned,/projects/ow-timeline
5,Overwatch/Paladins Comparison,A table comparing Overwatch and Paladins,overwatch,Outdated or Obsolete,/projects/comparisons/ow-pa
6,Sombra ARG Tracker,A tool which was used for tracking the countdown leading up to Sombra's reveal during the ARG.,overwatch,Outdated or Obsolete,/projects/arg/sombra
7,The Entire Bee Movie Script,It's the  entire Bee Movie script with no paragraphing.,normal,Other,/projects/the-entire-bee-movie-transcript
8,Overwatch Content Calendar,This calendar shows what Overwatch content was released and how it can be used to predict future releases.,overwatch,Other,/projects/owcontentcal
9,CkEditor,Text editor and Text to HTML converter.,normal,Other,/projects/ckeditor
10,Online Browser Games Collection,A collection of browser games for you to play.,games,Games,/projects/g
11,Fantasy Character Name Generator,This will generate a name with a fantasy style.,normal,Web Tools,/projects/fannamegen
12,Meme Name Generator,This will generate a name based on memes.,normal,Web Tools,/projects/memegen
13,Overwatch Random Hero Concept Creator,This page will randomly generate a concept Overwatch hero.,overwatch,Web Tools,/projects/owHeroConcept
14,Overwatch Fake 4chan Leak Generator,This page will generate a fake 4chan-style leak for Overwatch content.,overwatch,Web Tools,/projects/owleakgen
15,Overwatch Hero Generator,This page will choose an Overwatch hero for you to play either randomly or based on chosen conditions.,overwatch,Web Tools,/projects/overwatch
16,OverTool GUI [OLD],A GUI for OverTool.,overwatch,Standalone Tools,/projects/OverToolGUI
17,Overwatch Playtime Counter,A program which counts the time spent playing Overwatch.,overwatch,Standalone Tools,/projects/owTimer
18,Mee6 Leaderboards Data Scraper [OUTDATED],A program which converts a Mee6 Leaderboard html file into a .csv table.,normal,Outdated or Obsolete,/projects/mee6DataScraper
19,OverWatch Extract Toolkit,"A set of tools for extracting files from Overwatch, including a DataTool GUI.",overwatch,Standalone Tools,/projects/owet
20,Pat Pat Pat!,Will play Mei's Pat Pat Pat voice line on loop.,overwatch,Web Tools,/projects/patpatpat
21,Mei's Winter Experience,Will loop various Mei voice lines with a sound in the background.,overwatch,Web Tools,/projects/wintermei
